               epoch,      train/box_loss,      train/obj_loss,      train/cls_loss,   metrics/precision,      metrics/recall,     metrics/mAP_0.5,metrics/mAP_0.5:0.95,        val/box_loss,        val/obj_loss,        val/cls_loss,               x/lr0,               x/lr1,               x/lr2
                   0,             0.11793,            0.058995,                   0,            0.025377,             0.10937,            0.025853,           0.0054861,             0.10792,             0.05182,                   0,              0.0892,              0.0012,              0.0012
                   1,              0.1034,            0.074985,                   0,             0.16487,             0.22857,             0.10564,            0.030519,             0.10222,            0.046869,                   0,            0.077492,           0.0024918,           0.0024918
                   2,            0.090008,            0.076776,                   0,             0.28409,             0.25714,             0.28771,            0.082751,            0.093502,            0.061645,                   0,            0.065775,           0.0037749,           0.0037749
                   3,            0.077477,            0.065674,                   0,             0.25011,             0.57143,             0.26404,            0.053328,            0.085756,            0.053057,                   0,             0.05405,           0.0050495,           0.0050495
                   4,            0.070782,            0.061519,                   0,             0.19816,             0.75714,             0.24155,            0.067721,            0.082527,             0.05026,                   0,            0.042316,           0.0063155,           0.0063155
                   5,            0.073935,            0.058258,                   0,             0.12625,             0.34286,             0.12398,             0.04167,             0.10167,            0.048332,                   0,            0.030573,            0.007573,            0.007573
                   6,            0.080931,            0.052767,                   0,             0.17362,             0.47143,             0.17718,            0.046061,            0.092851,            0.035206,                   0,            0.018822,           0.0088218,           0.0088218
                   7,              0.0717,            0.057008,                   0,             0.33869,             0.57143,             0.37943,             0.13556,             0.08374,            0.031422,                   0,            0.009769,            0.009769,            0.009769
                   8,             0.07411,            0.050821,                   0,             0.45735,             0.38529,             0.35977,             0.14946,            0.080292,              0.0307,                   0,            0.009769,            0.009769,            0.009769
                   9,            0.066831,            0.052382,                   0,             0.32022,             0.74286,             0.48715,             0.22686,            0.067844,            0.033601,                   0,            0.009736,            0.009736,            0.009736
                  10,            0.059965,            0.049617,                   0,             0.36661,             0.58571,             0.40897,             0.19306,            0.076642,            0.034645,                   0,            0.009703,            0.009703,            0.009703
                  11,            0.056743,            0.051206,                   0,             0.41102,             0.67143,             0.47117,             0.19985,            0.074125,            0.031764,                   0,             0.00967,             0.00967,             0.00967
                  12,            0.054998,            0.045908,                   0,             0.67427,             0.73931,             0.79317,              0.3559,            0.049953,             0.03041,                   0,            0.009637,            0.009637,            0.009637
                  13,            0.048931,            0.047358,                   0,             0.66131,             0.67143,             0.77151,             0.40717,            0.056162,            0.031119,                   0,            0.009604,            0.009604,            0.009604
                  14,            0.046418,            0.046838,                   0,             0.64352,             0.92857,             0.84699,             0.38792,            0.047087,             0.03041,                   0,            0.009571,            0.009571,            0.009571
                  15,            0.043693,            0.045628,                   0,             0.49579,             0.98331,             0.60826,             0.31515,            0.042256,            0.029907,                   0,            0.009538,            0.009538,            0.009538
                  16,            0.042368,            0.045778,                   0,             0.68605,             0.85714,             0.86164,               0.497,            0.047612,            0.028753,                   0,            0.009505,            0.009505,            0.009505
                  17,            0.041948,            0.049085,                   0,              0.7645,             0.88117,             0.89748,             0.51618,             0.04783,            0.029314,                   0,            0.009472,            0.009472,            0.009472
                  18,            0.038808,             0.04617,                   0,             0.83672,             0.87855,              0.9455,             0.48241,            0.042446,            0.029836,                   0,            0.009439,            0.009439,            0.009439
                  19,            0.040829,            0.046559,                   0,             0.54158,                 0.9,              0.7467,              0.4207,            0.041696,             0.02824,                   0,            0.009406,            0.009406,            0.009406
                  20,            0.036798,            0.041514,                   0,             0.89344,             0.83849,             0.95115,             0.49658,            0.041558,            0.030055,                   0,            0.009373,            0.009373,            0.009373
                  21,            0.033979,            0.038593,                   0,             0.87699,             0.81479,             0.94638,             0.60963,            0.036275,            0.029372,                   0,             0.00934,             0.00934,             0.00934
                  22,            0.035594,            0.041736,                   0,             0.95684,             0.95024,             0.98247,             0.65934,            0.032421,            0.025326,                   0,            0.009307,            0.009307,            0.009307
                  23,            0.035176,            0.041345,                   0,             0.84033,             0.82707,             0.93856,              0.6082,            0.038675,            0.026555,                   0,            0.009274,            0.009274,            0.009274
                  24,            0.033472,            0.043513,                   0,             0.93461,             0.91429,             0.97023,             0.60909,            0.033027,            0.030938,                   0,            0.009241,            0.009241,            0.009241
                  25,            0.028572,            0.040556,                   0,             0.93191,             0.91429,             0.97567,             0.58689,            0.033482,            0.025562,                   0,            0.009208,            0.009208,            0.009208
                  26,            0.030912,            0.042121,                   0,             0.93478,                 0.9,             0.97335,             0.67747,            0.035342,            0.027986,                   0,            0.009175,            0.009175,            0.009175
                  27,            0.032123,            0.040087,                   0,             0.84391,             0.91429,             0.95887,             0.65985,            0.035501,            0.027109,                   0,            0.009142,            0.009142,            0.009142
                  28,            0.030746,            0.037885,                   0,             0.95099,             0.94286,             0.98557,             0.63049,             0.03784,            0.025929,                   0,            0.009109,            0.009109,            0.009109
                  29,            0.033492,            0.040144,                   0,             0.96646,             0.98571,             0.99099,             0.68837,            0.029648,            0.023286,                   0,            0.009076,            0.009076,            0.009076
                  30,            0.032438,            0.039509,                   0,             0.98656,             0.94286,             0.99066,             0.68736,              0.0338,            0.023679,                   0,            0.009043,            0.009043,            0.009043
                  31,            0.031353,            0.040053,                   0,             0.98676,             0.97143,             0.99395,               0.649,            0.032076,            0.024998,                   0,             0.00901,             0.00901,             0.00901
                  32,            0.030781,            0.041785,                   0,             0.99152,             0.95714,             0.99322,             0.67187,            0.033269,            0.024305,                   0,            0.008977,            0.008977,            0.008977
                  33,            0.030254,            0.038516,                   0,             0.94538,             0.98908,             0.99218,             0.68595,            0.032908,            0.025094,                   0,            0.008944,            0.008944,            0.008944
                  34,            0.029156,             0.03662,                   0,             0.96814,             0.91429,              0.9791,             0.65899,            0.031328,            0.024285,                   0,            0.008911,            0.008911,            0.008911
                  35,              0.0261,               0.036,                   0,             0.94564,             0.98571,             0.99249,             0.73351,            0.030234,            0.023421,                   0,            0.008878,            0.008878,            0.008878
                  36,            0.029203,            0.037324,                   0,             0.89134,             0.93749,             0.97354,             0.68815,            0.035564,            0.025265,                   0,            0.008845,            0.008845,            0.008845
                  37,            0.028588,            0.035665,                   0,             0.97078,             0.94926,             0.99186,             0.69061,            0.027502,            0.023563,                   0,            0.008812,            0.008812,            0.008812
                  38,            0.026724,            0.034387,                   0,             0.99551,             0.94286,             0.99146,             0.75517,            0.029257,            0.023112,                   0,            0.008779,            0.008779,            0.008779
                  39,            0.026079,            0.038438,                   0,             0.96443,             0.97143,             0.99305,              0.6972,            0.031301,            0.024637,                   0,            0.008746,            0.008746,            0.008746
                  40,            0.026485,            0.036821,                   0,             0.98204,             0.94286,             0.98899,             0.72007,            0.029538,            0.024292,                   0,            0.008713,            0.008713,            0.008713
                  41,            0.024324,            0.033995,                   0,                   1,             0.96713,             0.98595,             0.77479,            0.026312,            0.023131,                   0,             0.00868,             0.00868,             0.00868
                  42,            0.024893,            0.034678,                   0,             0.96106,             0.92857,             0.98153,             0.77293,            0.025642,            0.024005,                   0,            0.008647,            0.008647,            0.008647
                  43,            0.024485,            0.035642,                   0,             0.96737,             0.97143,             0.99266,             0.67138,            0.032669,            0.024817,                   0,            0.008614,            0.008614,            0.008614
                  44,            0.025528,             0.03342,                   0,             0.95411,             0.95714,             0.99089,             0.71224,            0.028943,            0.025301,                   0,            0.008581,            0.008581,            0.008581
                  45,            0.025628,            0.034287,                   0,                   1,             0.94765,             0.98934,             0.72741,            0.030696,            0.024453,                   0,            0.008548,            0.008548,            0.008548
                  46,            0.024371,            0.035221,                   0,             0.98551,             0.97156,             0.99429,             0.75252,            0.026227,            0.024043,                   0,            0.008515,            0.008515,            0.008515
                  47,            0.025149,            0.035089,                   0,             0.96547,             0.91429,             0.98496,             0.66633,            0.029943,            0.025301,                   0,            0.008482,            0.008482,            0.008482
                  48,            0.024016,            0.034885,                   0,              0.9714,             0.97031,              0.9893,             0.74189,            0.029119,            0.025346,                   0,            0.008449,            0.008449,            0.008449
                  49,            0.023938,            0.035987,                   0,             0.97138,             0.96986,             0.99067,              0.7296,            0.028358,            0.022986,                   0,            0.008416,            0.008416,            0.008416
                  50,             0.02427,            0.035573,                   0,             0.96761,             0.94286,              0.9837,             0.74911,            0.027022,            0.022419,                   0,            0.008383,            0.008383,            0.008383
                  51,            0.023829,            0.033401,                   0,             0.97168,              0.9802,              0.9928,             0.72546,            0.030491,            0.024272,                   0,             0.00835,             0.00835,             0.00835
                  52,             0.02446,             0.03329,                   0,             0.97234,             0.98571,             0.99409,              0.7702,            0.025382,            0.022274,                   0,            0.008317,            0.008317,            0.008317
                  53,             0.02268,            0.032692,                   0,             0.97047,             0.93904,             0.99109,             0.69975,            0.029918,            0.024833,                   0,            0.008284,            0.008284,            0.008284
                  54,            0.023001,            0.032729,                   0,             0.96964,             0.94286,             0.98892,             0.75319,            0.026021,            0.023141,                   0,            0.008251,            0.008251,            0.008251
                  55,            0.022256,            0.031871,                   0,             0.97092,             0.95395,             0.98894,             0.70761,            0.030988,            0.026522,                   0,            0.008218,            0.008218,            0.008218
                  56,            0.024619,            0.034059,                   0,             0.97166,              0.9795,             0.99202,             0.76659,            0.024768,            0.021881,                   0,            0.008185,            0.008185,            0.008185
                  57,             0.02421,            0.032834,                   0,             0.96892,             0.98571,             0.98967,             0.68123,            0.031872,             0.02375,                   0,            0.008152,            0.008152,            0.008152
                  58,            0.023334,             0.03482,                   0,              0.9713,             0.96702,             0.98856,             0.75914,            0.022899,            0.021291,                   0,            0.008119,            0.008119,            0.008119
                  59,            0.022938,            0.030376,                   0,             0.98588,             0.99737,             0.99486,             0.76608,            0.026424,            0.021204,                   0,            0.008086,            0.008086,            0.008086
                  60,            0.022388,            0.032675,                   0,             0.97909,             0.95714,             0.99152,             0.75568,             0.02666,            0.023338,                   0,            0.008053,            0.008053,            0.008053
                  61,            0.021727,            0.032207,                   0,             0.98012,             0.95714,             0.99174,             0.75866,            0.025891,            0.023857,                   0,             0.00802,             0.00802,             0.00802
                  62,            0.019736,            0.030863,                   0,             0.98582,                   1,              0.9943,             0.80546,            0.023617,            0.020459,                   0,            0.007987,            0.007987,            0.007987
                  63,            0.021144,            0.030831,                   0,              0.9804,             0.98571,             0.99373,             0.72419,            0.030643,            0.022493,                   0,            0.007954,            0.007954,            0.007954
                  64,             0.02301,            0.033358,                   0,             0.97208,             0.99467,             0.99372,             0.77052,            0.025762,            0.022728,                   0,            0.007921,            0.007921,            0.007921
                  65,            0.023854,            0.032369,                   0,             0.96625,             0.97143,             0.99345,             0.72428,            0.029078,             0.02298,                   0,            0.007888,            0.007888,            0.007888
                  66,            0.022874,            0.032474,                   0,             0.99925,                   1,               0.995,             0.78811,            0.021955,            0.020662,                   0,            0.007855,            0.007855,            0.007855
                  67,            0.022725,            0.031919,                   0,             0.99962,             0.98571,             0.99446,             0.74988,            0.026989,             0.02238,                   0,            0.007822,            0.007822,            0.007822
                  68,            0.021913,            0.032243,                   0,             0.98549,              0.9701,             0.99299,             0.76413,            0.024089,            0.021777,                   0,            0.007789,            0.007789,            0.007789
                  69,            0.020777,            0.033823,                   0,             0.97518,             0.97143,             0.99006,             0.78835,             0.02298,            0.021333,                   0,            0.007756,            0.007756,            0.007756
                  70,            0.020317,            0.031779,                   0,             0.96051,             0.97143,             0.99309,             0.79834,            0.021841,            0.021004,                   0,            0.007723,            0.007723,            0.007723
                  71,            0.020562,            0.031924,                   0,             0.95501,             0.97143,             0.98933,             0.76738,            0.027931,            0.023006,                   0,             0.00769,             0.00769,             0.00769
                  72,             0.02213,            0.031377,                   0,             0.94291,             0.94374,             0.99141,             0.76273,            0.026667,            0.023064,                   0,            0.007657,            0.007657,            0.007657
                  73,            0.021532,            0.029931,                   0,             0.98232,             0.94286,             0.99173,             0.76604,             0.02561,            0.022993,                   0,            0.007624,            0.007624,            0.007624
                  74,            0.020974,            0.030526,                   0,              0.9855,             0.97093,             0.99364,             0.76416,            0.025067,            0.022213,                   0,            0.007591,            0.007591,            0.007591
                  75,            0.021995,            0.032176,                   0,             0.97085,             0.95177,             0.99115,             0.75298,            0.026797,            0.023705,                   0,            0.007558,            0.007558,            0.007558
                  76,            0.020922,            0.032294,                   0,             0.96974,             0.91566,             0.98347,             0.75353,            0.025205,            0.026213,                   0,            0.007525,            0.007525,            0.007525
                  77,            0.018231,            0.028328,                   0,             0.98453,             0.90941,             0.98213,             0.75918,             0.02418,            0.024002,                   0,            0.007492,            0.007492,            0.007492
                  78,            0.018713,            0.030141,                   0,             0.98826,             0.94286,             0.98789,             0.78311,            0.022804,            0.022325,                   0,            0.007459,            0.007459,            0.007459
                  79,            0.020201,            0.029736,                   0,             0.97127,             0.96596,             0.99191,             0.74367,            0.028447,            0.023895,                   0,            0.007426,            0.007426,            0.007426
                  80,            0.021066,            0.029687,                   0,             0.94323,             0.94945,             0.98259,              0.8175,            0.021698,            0.020688,                   0,            0.007393,            0.007393,            0.007393
                  81,            0.019549,            0.030188,                   0,             0.95133,             0.94286,             0.98426,             0.78793,            0.024328,            0.021868,                   0,             0.00736,             0.00736,             0.00736
                  82,            0.019335,             0.03163,                   0,             0.97839,             0.95714,             0.99026,             0.76731,            0.022753,            0.021884,                   0,            0.007327,            0.007327,            0.007327
                  83,            0.019583,            0.031492,                   0,             0.96679,             0.98571,             0.99347,             0.79446,            0.025154,            0.022106,                   0,            0.007294,            0.007294,            0.007294
                  84,            0.021536,            0.031649,                   0,             0.98812,             0.97143,             0.99458,             0.80038,            0.020774,            0.020404,                   0,            0.007261,            0.007261,            0.007261
                  85,            0.020339,            0.029001,                   0,             0.96945,             0.98571,             0.99416,             0.80178,            0.026471,            0.020991,                   0,            0.007228,            0.007228,            0.007228
                  86,            0.019023,            0.029733,                   0,             0.98322,                   1,             0.99472,             0.78802,            0.021917,             0.02003,                   0,            0.007195,            0.007195,            0.007195
                  87,            0.019228,            0.030046,                   0,             0.95979,             0.97143,             0.99244,             0.80568,            0.026658,            0.021068,                   0,            0.007162,            0.007162,            0.007162
                  88,            0.021531,            0.030085,                   0,             0.99386,             0.97143,             0.99445,             0.78546,            0.022645,            0.020801,                   0,            0.007129,            0.007129,            0.007129
                  89,            0.020232,            0.029638,                   0,             0.95857,             0.99152,             0.99291,             0.82672,            0.023085,             0.02151,                   0,            0.007096,            0.007096,            0.007096
                  90,            0.019688,            0.029759,                   0,             0.96429,             0.91429,             0.98139,             0.77842,            0.024636,            0.022919,                   0,            0.007063,            0.007063,            0.007063
                  91,            0.018789,            0.028736,                   0,              0.9256,                 0.9,             0.97398,             0.74147,            0.029062,            0.024024,                   0,             0.00703,             0.00703,             0.00703
                  92,            0.019282,            0.029307,                   0,               0.952,             0.94286,             0.98908,             0.80456,            0.022831,            0.022848,                   0,            0.006997,            0.006997,            0.006997
                  93,             0.01884,            0.028951,                   0,             0.93104,             0.92857,             0.97682,             0.76902,              0.0274,            0.024063,                   0,            0.006964,            0.006964,            0.006964
                  94,            0.017867,            0.028684,                   0,             0.96005,             0.95714,             0.99033,             0.79579,            0.022451,            0.022551,                   0,            0.006931,            0.006931,            0.006931
                  95,            0.019536,            0.030293,                   0,             0.95705,             0.95496,             0.98221,             0.77419,             0.02821,            0.023402,                   0,            0.006898,            0.006898,            0.006898
                  96,            0.019865,            0.030926,                   0,             0.95702,             0.95442,             0.98954,              0.8087,            0.021434,            0.021249,                   0,            0.006865,            0.006865,            0.006865
                  97,            0.019041,            0.027822,                   0,             0.95872,             0.94286,             0.98604,             0.79598,            0.022779,            0.022441,                   0,            0.006832,            0.006832,            0.006832
                  98,            0.017922,            0.028596,                   0,             0.95223,             0.97143,             0.99058,             0.81071,            0.022091,            0.021684,                   0,            0.006799,            0.006799,            0.006799
                  99,            0.017249,            0.027733,                   0,             0.94378,             0.95927,             0.99089,             0.81258,            0.022274,            0.020691,                   0,            0.006766,            0.006766,            0.006766
                 100,             0.01778,             0.02624,                   0,              0.9588,             0.99741,             0.99346,             0.78373,            0.023011,            0.020981,                   0,            0.006733,            0.006733,            0.006733
                 101,            0.018165,            0.029438,                   0,             0.97128,             0.96631,             0.99244,             0.79844,             0.02225,            0.021694,                   0,              0.0067,              0.0067,              0.0067
                 102,            0.016942,            0.030094,                   0,             0.98303,                   1,             0.99444,             0.78553,            0.022359,             0.02082,                   0,            0.006667,            0.006667,            0.006667
                 103,            0.017329,             0.02824,                   0,             0.98239,                   1,              0.9943,             0.81966,             0.01938,             0.01907,                   0,            0.006634,            0.006634,            0.006634
                 104,            0.016848,             0.03046,                   0,             0.96809,             0.98571,             0.99195,             0.82322,            0.019944,            0.019002,                   0,            0.006601,            0.006601,            0.006601
                 105,            0.016734,            0.026704,                   0,             0.97081,             0.95014,             0.98892,             0.81076,            0.022574,            0.021491,                   0,            0.006568,            0.006568,            0.006568
                 106,            0.015897,            0.027427,                   0,             0.98503,             0.94034,             0.98142,             0.78518,            0.022634,            0.021545,                   0,            0.006535,            0.006535,            0.006535
                 107,            0.017618,            0.029203,                   0,              0.9623,             0.92857,             0.97284,             0.75875,            0.025934,            0.022751,                   0,            0.006502,            0.006502,            0.006502
                 108,            0.018546,             0.02812,                   0,             0.97126,             0.96564,             0.99261,             0.80057,            0.021771,            0.021623,                   0,            0.006469,            0.006469,            0.006469
                 109,            0.017834,            0.027171,                   0,             0.94872,             0.94286,              0.9733,             0.77747,            0.023483,              0.0219,                   0,            0.006436,            0.006436,            0.006436
                 110,            0.017632,            0.030369,                   0,             0.95991,                   1,             0.99372,             0.79625,            0.022189,            0.021739,                   0,            0.006403,            0.006403,            0.006403
                 111,            0.017293,            0.026652,                   0,             0.95225,             0.95714,             0.97729,             0.79989,            0.022743,            0.021507,                   0,             0.00637,             0.00637,             0.00637
                 112,            0.018229,            0.028055,                   0,              0.9722,                   1,             0.99374,             0.79866,             0.02108,            0.020914,                   0,            0.006337,            0.006337,            0.006337
                 113,            0.018182,             0.02799,                   0,             0.97595,             0.97143,             0.99282,             0.77462,             0.02431,            0.023067,                   0,            0.006304,            0.006304,            0.006304
                 114,            0.018465,            0.027997,                   0,             0.96851,             0.97143,             0.98561,             0.79717,            0.020882,            0.019972,                   0,            0.006271,            0.006271,            0.006271
                 115,            0.018279,            0.027306,                   0,             0.98569,             0.98392,             0.99472,              0.7869,            0.021247,            0.019985,                   0,            0.006238,            0.006238,            0.006238
                 116,            0.018081,            0.026373,                   0,                   1,             0.98297,             0.99472,             0.80985,            0.019716,            0.019882,                   0,            0.006205,            0.006205,            0.006205
                 117,            0.016462,            0.027381,                   0,             0.97804,             0.95714,             0.98529,             0.80013,            0.021413,            0.019934,                   0,            0.006172,            0.006172,            0.006172
                 118,            0.015791,            0.027042,                   0,             0.97252,             0.98571,             0.99458,             0.80271,             0.02221,            0.021374,                   0,            0.006139,            0.006139,            0.006139
                 119,            0.017656,            0.029216,                   0,             0.96567,             0.97143,             0.99184,             0.78175,            0.025076,            0.022848,                   0,            0.006106,            0.006106,            0.006106
                 120,            0.018299,            0.028381,                   0,             0.96694,                   1,               0.993,             0.83306,            0.019437,            0.019814,                   0,            0.006073,            0.006073,            0.006073
                 121,            0.017208,            0.027871,                   0,             0.97179,              0.9841,             0.98945,             0.82977,            0.020811,            0.020114,                   0,             0.00604,             0.00604,             0.00604
                 122,            0.015841,             0.02711,                   0,             0.95575,                   1,             0.99374,             0.82581,            0.019813,            0.020243,                   0,            0.006007,            0.006007,            0.006007
                 123,            0.016905,            0.026533,                   0,             0.94308,             0.98571,             0.98743,             0.79147,            0.024463,            0.021481,                   0,            0.005974,            0.005974,            0.005974
                 124,            0.017399,            0.027907,                   0,             0.96615,                   1,             0.99444,              0.8255,            0.021007,            0.020275,                   0,            0.005941,            0.005941,            0.005941
                 125,            0.017054,            0.029329,                   0,             0.94512,             0.98415,             0.98746,             0.81671,            0.019947,            0.019872,                   0,            0.005908,            0.005908,            0.005908
                 126,            0.014873,            0.026891,                   0,             0.96153,             0.95714,             0.98534,             0.79461,            0.021224,            0.021123,                   0,            0.005875,            0.005875,            0.005875
                 127,            0.015751,            0.026536,                   0,              0.9581,             0.95714,             0.98508,             0.77732,            0.022498,            0.022351,                   0,            0.005842,            0.005842,            0.005842
                 128,            0.017362,            0.026964,                   0,             0.95147,             0.97143,             0.98725,             0.79342,            0.022458,            0.021439,                   0,            0.005809,            0.005809,            0.005809
                 129,            0.016397,            0.026771,                   0,             0.97104,             0.95797,             0.98623,             0.81739,            0.020191,             0.02024,                   0,            0.005776,            0.005776,            0.005776
                 130,            0.015511,            0.025384,                   0,             0.95397,             0.98571,             0.99264,             0.80092,             0.02142,            0.021159,                   0,            0.005743,            0.005743,            0.005743
                 131,             0.01687,            0.027871,                   0,             0.95579,             0.92652,             0.98771,             0.78553,            0.023898,            0.023537,                   0,             0.00571,             0.00571,             0.00571
                 132,            0.016807,            0.026798,                   0,               0.928,             0.92066,             0.97658,             0.77229,            0.025482,            0.024472,                   0,            0.005677,            0.005677,            0.005677
                 133,            0.016359,             0.02659,                   0,             0.93001,             0.94917,              0.9822,             0.79909,            0.021672,            0.022358,                   0,            0.005644,            0.005644,            0.005644
                 134,             0.01541,            0.025948,                   0,             0.94435,             0.97143,             0.98566,             0.77486,            0.024885,            0.024079,                   0,            0.005611,            0.005611,            0.005611
                 135,            0.017461,             0.02767,                   0,              0.9397,             0.98571,              0.9881,             0.81185,            0.021098,            0.021442,                   0,            0.005578,            0.005578,            0.005578
                 136,            0.015825,             0.02645,                   0,             0.91673,             0.94364,             0.98095,             0.79449,            0.022437,            0.022074,                   0,            0.005545,            0.005545,            0.005545
                 137,            0.016076,            0.027744,                   0,              0.9433,             0.98571,             0.98783,             0.83665,            0.019305,            0.019988,                   0,            0.005512,            0.005512,            0.005512
                 138,            0.014899,            0.025947,                   0,             0.95751,             0.96591,             0.98657,             0.81064,            0.020926,            0.021771,                   0,            0.005479,            0.005479,            0.005479
                 139,             0.01641,            0.027872,                   0,             0.93281,             0.98571,              0.9844,             0.80065,            0.021405,            0.021668,                   0,            0.005446,            0.005446,            0.005446
                 140,            0.016096,            0.027362,                   0,             0.95559,             0.98571,             0.99082,             0.80894,             0.01935,            0.020462,                   0,            0.005413,            0.005413,            0.005413
                 141,            0.015157,            0.025735,                   0,             0.95885,             0.99875,             0.99332,             0.82225,             0.01814,            0.018996,                   0,             0.00538,             0.00538,             0.00538
                 142,            0.014306,             0.02659,                   0,             0.94433,             0.95714,             0.98501,             0.80466,            0.021569,            0.021861,                   0,            0.005347,            0.005347,            0.005347
                 143,            0.015496,            0.025342,                   0,             0.93168,             0.97413,             0.98341,             0.80299,            0.023004,            0.022532,                   0,            0.005314,            0.005314,            0.005314
                 144,            0.015914,             0.02565,                   0,             0.95567,             0.95714,              0.9842,             0.80797,            0.020947,            0.021384,                   0,            0.005281,            0.005281,            0.005281
                 145,            0.014986,            0.025235,                   0,             0.94474,             0.97692,             0.98554,             0.82376,            0.020311,            0.020627,                   0,            0.005248,            0.005248,            0.005248
                 146,            0.013957,            0.027559,                   0,             0.94466,             0.97555,             0.98626,             0.84233,              0.0196,            0.019921,                   0,            0.005215,            0.005215,            0.005215
                 147,             0.01373,            0.025095,                   0,              0.9479,             0.97143,             0.99232,             0.83106,            0.021268,            0.021152,                   0,            0.005182,            0.005182,            0.005182
                 148,            0.014824,            0.024934,                   0,             0.94355,             0.95508,             0.98424,             0.81172,            0.023081,            0.022506,                   0,            0.005149,            0.005149,            0.005149
                 149,            0.015867,            0.024052,                   0,             0.94745,             0.98571,             0.99135,             0.82404,            0.019108,             0.02023,                   0,            0.005116,            0.005116,            0.005116
                 150,            0.013509,            0.025906,                   0,             0.95882,              0.9978,             0.99344,             0.83447,            0.019903,             0.02025,                   0,            0.005083,            0.005083,            0.005083
                 151,            0.015182,            0.027114,                   0,             0.96238,             0.95714,             0.98385,              0.7936,            0.022459,             0.02208,                   0,             0.00505,             0.00505,             0.00505
                 152,            0.015748,            0.026419,                   0,             0.95354,             0.95714,             0.99158,             0.81864,            0.019765,            0.021046,                   0,            0.005017,            0.005017,            0.005017
                 153,            0.014635,            0.024547,                   0,             0.95733,             0.95714,              0.9908,             0.81628,            0.019644,            0.020117,                   0,            0.004984,            0.004984,            0.004984
                 154,            0.013274,            0.024668,                   0,             0.94073,             0.94286,             0.98002,             0.81011,            0.020384,            0.020617,                   0,            0.004951,            0.004951,            0.004951
                 155,             0.01541,            0.024954,                   0,             0.96441,             0.94286,             0.97056,             0.80791,            0.020387,            0.021349,                   0,            0.004918,            0.004918,            0.004918
                 156,            0.015131,            0.026906,                   0,             0.92898,              0.9344,             0.97608,             0.79514,            0.023057,            0.022155,                   0,            0.004885,            0.004885,            0.004885
                 157,            0.014899,            0.023802,                   0,             0.94789,             0.94286,             0.98273,             0.83176,            0.019573,            0.021229,                   0,            0.004852,            0.004852,            0.004852
                 158,            0.014234,            0.025474,                   0,             0.95794,             0.97617,             0.99296,             0.81964,            0.020566,            0.021977,                   0,            0.004819,            0.004819,            0.004819
                 159,            0.014843,            0.025348,                   0,             0.95801,             0.98571,             0.99267,             0.83684,            0.020184,            0.020991,                   0,            0.004786,            0.004786,            0.004786
                 160,            0.014926,            0.024181,                   0,              0.9484,             0.98571,             0.99222,              0.8329,            0.019543,             0.02083,                   0,            0.004753,            0.004753,            0.004753
                 161,            0.015334,            0.025556,                   0,             0.94421,             0.96719,             0.98765,             0.81998,            0.019609,            0.020768,                   0,             0.00472,             0.00472,             0.00472
                 162,            0.012309,            0.022723,                   0,             0.94141,             0.97143,             0.98806,             0.82434,            0.020044,            0.020588,                   0,            0.004687,            0.004687,            0.004687
                 163,            0.014059,            0.024247,                   0,              0.9426,             0.93834,             0.97232,             0.82071,             0.01963,            0.020217,                   0,            0.004654,            0.004654,            0.004654
                 164,            0.013896,            0.023475,                   0,             0.98702,             0.98571,             0.99486,             0.81034,            0.020266,            0.021661,                   0,            0.004621,            0.004621,            0.004621
                 165,            0.014338,            0.024783,                   0,             0.95822,             0.98571,             0.98232,             0.81329,            0.019909,            0.020833,                   0,            0.004588,            0.004588,            0.004588
                 166,            0.013239,            0.024057,                   0,             0.95718,             0.98571,             0.98262,             0.81025,            0.020001,            0.020556,                   0,            0.004555,            0.004555,            0.004555
                 167,            0.014603,             0.02692,                   0,             0.94575,                   1,             0.99302,             0.82286,            0.019672,            0.020398,                   0,            0.004522,            0.004522,            0.004522
                 168,             0.01392,            0.025159,                   0,             0.94411,             0.96536,             0.98547,             0.80882,            0.020952,            0.021726,                   0,            0.004489,            0.004489,            0.004489
                 169,            0.014704,            0.024959,                   0,             0.92867,             0.98571,             0.98393,              0.8265,            0.019211,            0.020275,                   0,            0.004456,            0.004456,            0.004456
                 170,            0.013102,            0.024851,                   0,             0.97338,             0.94286,             0.98323,             0.79508,            0.023205,            0.023144,                   0,            0.004423,            0.004423,            0.004423
                 171,            0.014069,            0.023964,                   0,             0.97078,             0.94929,             0.98454,             0.81802,            0.020512,            0.022245,                   0,             0.00439,             0.00439,             0.00439
                 172,            0.014532,             0.02444,                   0,             0.95309,             0.92857,             0.98338,             0.81948,            0.020848,            0.021942,                   0,            0.004357,            0.004357,            0.004357
                 173,            0.013475,              0.0234,                   0,             0.97815,             0.92857,             0.98216,             0.80473,            0.020388,            0.022329,                   0,            0.004324,            0.004324,            0.004324
                 174,            0.011646,            0.021319,                   0,             0.92886,             0.98571,             0.98459,             0.81974,            0.019862,            0.021271,                   0,            0.004291,            0.004291,            0.004291
                 175,            0.013479,            0.024209,                   0,             0.97154,             0.97555,             0.98828,             0.80787,            0.021738,            0.021655,                   0,            0.004258,            0.004258,            0.004258
                 176,            0.013721,             0.02433,                   0,             0.98021,             0.95714,             0.99197,             0.83566,            0.019598,            0.020714,                   0,            0.004225,            0.004225,            0.004225
                 177,            0.013662,            0.023773,                   0,             0.96561,             0.94286,             0.98559,             0.81751,            0.020185,            0.021104,                   0,            0.004192,            0.004192,            0.004192
                 178,            0.012857,             0.02373,                   0,             0.97088,             0.95274,             0.98518,             0.80276,            0.021991,            0.021632,                   0,            0.004159,            0.004159,            0.004159
                 179,            0.014041,            0.024452,                   0,             0.97262,             0.98571,             0.99416,             0.83703,            0.019024,            0.019727,                   0,            0.004126,            0.004126,            0.004126
                 180,            0.013417,            0.024632,                   0,             0.95853,             0.99059,             0.99387,             0.83024,            0.019304,            0.020179,                   0,            0.004093,            0.004093,            0.004093
                 181,            0.013007,            0.022894,                   0,             0.95869,             0.99475,              0.9936,             0.83518,            0.018343,            0.019608,                   0,             0.00406,             0.00406,             0.00406
                 182,            0.012486,            0.023839,                   0,             0.95873,             0.99557,             0.99265,             0.82924,            0.018668,            0.020607,                   0,            0.004027,            0.004027,            0.004027
                 183,            0.013259,            0.023276,                   0,             0.93197,             0.94286,             0.97187,              0.8096,            0.020616,            0.022967,                   0,            0.003994,            0.003994,            0.003994
                 184,            0.012512,            0.022057,                   0,             0.92566,             0.97143,             0.98568,             0.82563,            0.019294,            0.021558,                   0,            0.003961,            0.003961,            0.003961
                 185,            0.013077,            0.023504,                   0,             0.92738,             0.92857,             0.97607,             0.81768,            0.019837,            0.021803,                   0,            0.003928,            0.003928,            0.003928
                 186,            0.012153,            0.022914,                   0,             0.93695,             0.97143,             0.98329,             0.81341,            0.020685,            0.021826,                   0,            0.003895,            0.003895,            0.003895
                 187,            0.013152,            0.024337,                   0,             0.95652,             0.94292,             0.97413,             0.83749,            0.019026,            0.020524,                   0,            0.003862,            0.003862,            0.003862
                 188,            0.012883,            0.024148,                   0,             0.95875,             0.99617,             0.99387,             0.83292,             0.01821,            0.020011,                   0,            0.003829,            0.003829,            0.003829
                 189,            0.012336,            0.022896,                   0,             0.93132,              0.9686,             0.98026,             0.82784,            0.018384,            0.019718,                   0,            0.003796,            0.003796,            0.003796
                 190,            0.011995,            0.023753,                   0,             0.95868,             0.99436,             0.99374,             0.84684,            0.017983,            0.019908,                   0,            0.003763,            0.003763,            0.003763
                 191,            0.013404,            0.024067,                   0,             0.91894,             0.95714,             0.97713,             0.81666,            0.020949,            0.022055,                   0,             0.00373,             0.00373,             0.00373
                 192,             0.01286,            0.023543,                   0,             0.95797,             0.98571,             0.99389,             0.82222,            0.019226,            0.020885,                   0,            0.003697,            0.003697,            0.003697
                 193,            0.012367,             0.02322,                   0,             0.97891,             0.98571,             0.99433,             0.83551,             0.01885,            0.020224,                   0,            0.003664,            0.003664,            0.003664
                 194,            0.011348,            0.023808,                   0,             0.98545,             0.96744,             0.98639,              0.8384,            0.018489,            0.019573,                   0,            0.003631,            0.003631,            0.003631
                 195,            0.012431,            0.023086,                   0,             0.97048,             0.93946,              0.9753,             0.83876,            0.018261,            0.019579,                   0,            0.003598,            0.003598,            0.003598
                 196,            0.012468,            0.023405,                   0,             0.97081,             0.95038,             0.97483,             0.82324,            0.019587,            0.020814,                   0,            0.003565,            0.003565,            0.003565
                 197,            0.012311,            0.022998,                   0,              0.9433,                   1,             0.99333,             0.83113,            0.018748,            0.020372,                   0,            0.003532,            0.003532,            0.003532
                 198,            0.011494,            0.022068,                   0,             0.95849,             0.98972,             0.99402,             0.84069,            0.018569,            0.020546,                   0,            0.003499,            0.003499,            0.003499
                 199,            0.012531,            0.023999,                   0,             0.97203,             0.97143,             0.98628,             0.82866,            0.019446,            0.020598,                   0,            0.003466,            0.003466,            0.003466
                 200,            0.012484,            0.022334,                   0,             0.96586,             0.98571,             0.99347,             0.84143,            0.018145,            0.019921,                   0,            0.003433,            0.003433,            0.003433
                 201,              0.0114,            0.021475,                   0,             0.98038,             0.98571,             0.99415,              0.8433,            0.018256,            0.019263,                   0,              0.0034,              0.0034,              0.0034
                 202,            0.011499,            0.022535,                   0,             0.97379,             0.98571,             0.99458,             0.84367,            0.018169,            0.019608,                   0,            0.003367,            0.003367,            0.003367
                 203,            0.013166,            0.024227,                   0,             0.98566,             0.98201,             0.99445,             0.83318,             0.01804,            0.019995,                   0,            0.003334,            0.003334,            0.003334
                 204,            0.011925,            0.021837,                   0,             0.95514,             0.98571,             0.99389,             0.83441,            0.018881,            0.020907,                   0,            0.003301,            0.003301,            0.003301
                 205,             0.01133,            0.022014,                   0,             0.98291,             0.97143,             0.98635,             0.82356,            0.020063,            0.020839,                   0,            0.003268,            0.003268,            0.003268
                 206,            0.011486,            0.021777,                   0,             0.94513,                   1,             0.99347,             0.83094,            0.019638,            0.020859,                   0,            0.003235,            0.003235,            0.003235
                 207,            0.012205,            0.024178,                   0,             0.95861,             0.99267,             0.99387,             0.83488,            0.019093,            0.020337,                   0,            0.003202,            0.003202,            0.003202
                 208,            0.011875,            0.022102,                   0,             0.95865,             0.99356,             0.99387,             0.83289,            0.018653,            0.019582,                   0,            0.003169,            0.003169,            0.003169
                 209,            0.011698,            0.021219,                   0,             0.95852,             0.99029,             0.99387,              0.8297,            0.018628,            0.020191,                   0,            0.003136,            0.003136,            0.003136
                 210,            0.011814,            0.022211,                   0,             0.95455,             0.98571,             0.99347,             0.83004,            0.018122,            0.019689,                   0,            0.003103,            0.003103,            0.003103
                 211,            0.011964,             0.02085,                   0,             0.95858,             0.99188,             0.99431,             0.83353,            0.018127,            0.020066,                   0,             0.00307,             0.00307,             0.00307
                 212,            0.011375,            0.021609,                   0,             0.95842,             0.98777,             0.99445,              0.8434,            0.018133,            0.020008,                   0,            0.003037,            0.003037,            0.003037
                 213,            0.011414,            0.022661,                   0,             0.96556,             0.97143,             0.98645,             0.83989,            0.018278,            0.020111,                   0,            0.003004,            0.003004,            0.003004
                 214,            0.011429,            0.022418,                   0,             0.95836,             0.98628,             0.99416,             0.84104,            0.018251,            0.020288,                   0,            0.002971,            0.002971,            0.002971
                 215,            0.011772,            0.024162,                   0,             0.95857,             0.99164,              0.9936,             0.84014,            0.018665,             0.02033,                   0,            0.002938,            0.002938,            0.002938
                 216,              0.0113,            0.021868,                   0,             0.94575,              0.9962,             0.99332,             0.83024,            0.019208,            0.020907,                   0,            0.002905,            0.002905,            0.002905
                 217,            0.011317,            0.021763,                   0,             0.95722,             0.95899,             0.98609,             0.81992,            0.019881,            0.021755,                   0,            0.002872,            0.002872,            0.002872
                 218,            0.010931,            0.022553,                   0,             0.95726,             0.95993,             0.98621,             0.81819,            0.019741,            0.021552,                   0,            0.002839,            0.002839,            0.002839
                 219,            0.011224,            0.021633,                   0,             0.94302,                   1,             0.99321,             0.83299,            0.019775,            0.021787,                   0,            0.002806,            0.002806,            0.002806
                 220,            0.011235,            0.021777,                   0,             0.92913,             0.98571,             0.97877,             0.83006,            0.019684,            0.021797,                   0,            0.002773,            0.002773,            0.002773
                 221,            0.010657,            0.020806,                   0,             0.93061,             0.98571,             0.97837,             0.82429,            0.019836,            0.022251,                   0,             0.00274,             0.00274,             0.00274
                 222,            0.010899,            0.022926,                   0,             0.94799,             0.94286,             0.97207,             0.82991,            0.019461,            0.022293,                   0,            0.002707,            0.002707,            0.002707
                 223,            0.010932,              0.0228,                   0,             0.95728,             0.96032,             0.98221,             0.83362,            0.019246,            0.022119,                   0,            0.002674,            0.002674,            0.002674
                 224,            0.011122,            0.022042,                   0,             0.96022,             0.94286,             0.97388,             0.84845,            0.018848,            0.021516,                   0,            0.002641,            0.002641,            0.002641
                 225,            0.010921,            0.020642,                   0,             0.94922,             0.94286,             0.97295,             0.83795,             0.01984,            0.022064,                   0,            0.002608,            0.002608,            0.002608
                 226,            0.011184,            0.020047,                   0,             0.95414,             0.95714,             0.98201,              0.8359,            0.019021,            0.021433,                   0,            0.002575,            0.002575,            0.002575
                 227,            0.010956,            0.020455,                   0,              0.9448,             0.98571,             0.99294,             0.82201,            0.019524,            0.022035,                   0,            0.002542,            0.002542,            0.002542
                 228,            0.011506,            0.021826,                   0,             0.93287,                   1,             0.99269,             0.82584,            0.019312,            0.021587,                   0,            0.002509,            0.002509,            0.002509
                 229,             0.01122,            0.021748,                   0,             0.94372,              0.9582,             0.99269,             0.82142,            0.019308,            0.021258,                   0,            0.002476,            0.002476,            0.002476
                 230,            0.010824,            0.021859,                   0,             0.97127,             0.96596,             0.99347,             0.83268,            0.018673,            0.020559,                   0,            0.002443,            0.002443,            0.002443
                 231,            0.010944,            0.021364,                   0,              0.9514,             0.98571,             0.99347,             0.83338,            0.018642,            0.020669,                   0,             0.00241,             0.00241,             0.00241
                 232,             0.01074,            0.022154,                   0,              0.9589,              0.9999,              0.9936,             0.84998,            0.017667,            0.019537,                   0,            0.002377,            0.002377,            0.002377
                 233,            0.010797,            0.022382,                   0,             0.95705,                   1,             0.99346,              0.8523,            0.017645,            0.019905,                   0,            0.002344,            0.002344,            0.002344
                 234,            0.010147,            0.019957,                   0,             0.95296,                   1,             0.99291,             0.84741,            0.017944,            0.020791,                   0,            0.002311,            0.002311,            0.002311
                 235,            0.010208,            0.021288,                   0,             0.94321,                   1,             0.99303,             0.84542,            0.018382,            0.020701,                   0,            0.002278,            0.002278,            0.002278
                 236,            0.011381,            0.023091,                   0,             0.94354,                   1,             0.99303,             0.84927,            0.018303,            0.020556,                   0,            0.002245,            0.002245,            0.002245
                 237,            0.010194,            0.019815,                   0,             0.97138,             0.96962,             0.98645,             0.84619,            0.017854,            0.019937,                   0,            0.002212,            0.002212,            0.002212
                 238,           0.0098724,            0.020102,                   0,             0.96516,             0.97143,             0.98645,             0.84165,            0.018252,            0.020495,                   0,            0.002179,            0.002179,            0.002179
                 239,            0.010227,            0.021143,                   0,             0.96286,             0.97143,             0.98627,             0.85124,            0.018246,            0.020095,                   0,            0.002146,            0.002146,            0.002146
                 240,            0.010368,            0.021463,                   0,             0.94527,             0.98693,             0.99361,             0.85156,            0.018528,            0.020246,                   0,            0.002113,            0.002113,            0.002113
                 241,             0.01026,            0.021359,                   0,             0.94541,             0.98976,             0.99361,             0.85461,            0.018151,            0.020043,                   0,             0.00208,             0.00208,             0.00208
                 242,            0.010456,            0.021086,                   0,             0.94577,             0.99664,             0.99319,             0.85052,            0.017808,            0.019753,                   0,            0.002047,            0.002047,            0.002047
                 243,           0.0098948,            0.021132,                   0,             0.94562,             0.99374,             0.99347,             0.85817,            0.018194,            0.020204,                   0,            0.002014,            0.002014,            0.002014
                 244,            0.010153,            0.020694,                   0,             0.96354,             0.97143,             0.99347,             0.85086,            0.017909,            0.020169,                   0,            0.001981,            0.001981,            0.001981
                 245,           0.0096791,            0.019731,                   0,             0.94671,             0.98571,             0.99347,             0.84815,            0.017933,            0.020491,                   0,            0.001948,            0.001948,            0.001948
                 246,           0.0096743,            0.018809,                   0,             0.95251,             0.98571,             0.99333,             0.84889,            0.017657,            0.019863,                   0,            0.001915,            0.001915,            0.001915
                 247,           0.0096145,            0.019696,                   0,               0.961,             0.98571,             0.99333,             0.85206,            0.017514,             0.01965,                   0,            0.001882,            0.001882,            0.001882
                 248,           0.0098713,            0.020788,                   0,             0.96046,             0.98571,             0.99333,             0.84309,            0.017479,            0.019818,                   0,            0.001849,            0.001849,            0.001849
                 249,            0.009693,            0.020806,                   0,             0.96153,             0.98571,             0.99346,             0.85086,            0.017316,            0.019863,                   0,            0.001816,            0.001816,            0.001816
                 250,           0.0098535,            0.020216,                   0,             0.97215,             0.99752,             0.99361,              0.8501,            0.017325,            0.019569,                   0,            0.001783,            0.001783,            0.001783
                 251,             0.01033,            0.021388,                   0,             0.98526,             0.95461,             0.99124,             0.84526,            0.017737,            0.019918,                   0,             0.00175,             0.00175,             0.00175
                 252,           0.0094877,            0.020019,                   0,             0.98524,             0.95388,              0.9877,             0.84971,            0.017802,            0.019888,                   0,            0.001717,            0.001717,            0.001717
                 253,           0.0095148,            0.020131,                   0,             0.98525,             0.95419,             0.98608,             0.85116,            0.017673,            0.019789,                   0,            0.001684,            0.001684,            0.001684
                 254,           0.0096801,            0.020892,                   0,             0.97163,             0.97868,             0.99334,             0.86196,            0.017411,             0.01995,                   0,            0.001651,            0.001651,            0.001651
                 255,             0.00974,            0.020857,                   0,             0.97157,             0.97641,             0.99305,             0.85934,            0.017712,            0.020501,                   0,            0.001618,            0.001618,            0.001618
                 256,           0.0099174,            0.021465,                   0,             0.94549,             0.99123,             0.99317,             0.85635,            0.017951,             0.02093,                   0,            0.001585,            0.001585,            0.001585
                 257,            0.010012,            0.021236,                   0,             0.94591,             0.99928,             0.99333,             0.84507,            0.018105,            0.021101,                   0,            0.001552,            0.001552,            0.001552
                 258,           0.0094363,            0.018626,                   0,             0.94475,                   1,             0.99319,             0.84917,            0.017824,             0.02062,                   0,            0.001519,            0.001519,            0.001519
                 259,           0.0097375,            0.020296,                   0,             0.94542,             0.98979,             0.99319,             0.84858,            0.018044,            0.021133,                   0,            0.001486,            0.001486,            0.001486
                 260,           0.0095313,            0.019159,                   0,              0.9713,             0.96709,              0.9932,             0.85562,            0.017582,            0.020478,                   0,            0.001453,            0.001453,            0.001453
                 261,           0.0097178,            0.020471,                   0,             0.97128,             0.96617,             0.99334,             0.85613,            0.017525,            0.019934,                   0,             0.00142,             0.00142,             0.00142
                 262,           0.0098414,            0.020706,                   0,             0.94538,             0.98905,             0.99347,             0.85609,            0.017739,            0.020082,                   0,            0.001387,            0.001387,            0.001387
                 263,           0.0095796,            0.020431,                   0,             0.94582,             0.99756,             0.99333,             0.85274,            0.017961,            0.020304,                   0,            0.001354,            0.001354,            0.001354
                 264,           0.0098609,            0.020381,                   0,             0.94563,             0.99386,             0.99333,             0.85723,            0.017876,            0.019985,                   0,            0.001321,            0.001321,            0.001321
                 265,           0.0090814,            0.019514,                   0,             0.94554,             0.99212,             0.99347,             0.86415,            0.017739,            0.020382,                   0,            0.001288,            0.001288,            0.001288
                 266,           0.0095527,            0.019778,                   0,             0.94546,             0.99056,             0.99333,             0.86096,            0.017636,            0.020288,                   0,            0.001255,            0.001255,            0.001255
                 267,            0.010028,            0.019938,                   0,             0.94534,             0.98827,             0.99333,             0.86462,             0.01732,            0.019618,                   0,            0.001222,            0.001222,            0.001222
                 268,           0.0098701,            0.020811,                   0,             0.94534,             0.98833,             0.99333,             0.86155,            0.017662,            0.019885,                   0,            0.001189,            0.001189,            0.001189
                 269,           0.0093106,            0.019542,                   0,             0.95009,             0.98571,             0.99333,             0.85074,             0.01767,             0.01975,                   0,            0.001156,            0.001156,            0.001156
                 270,           0.0093804,            0.018705,                   0,             0.95137,             0.98571,             0.99333,             0.85583,            0.017656,            0.019373,                   0,            0.001123,            0.001123,            0.001123
                 271,            0.009622,            0.019361,                   0,             0.96844,             0.98571,             0.99445,             0.85759,            0.017745,            0.019556,                   0,             0.00109,             0.00109,             0.00109
                 272,           0.0094431,            0.020851,                   0,             0.97188,             0.98742,             0.99472,             0.85385,            0.017142,            0.019173,                   0,            0.001057,            0.001057,            0.001057
                 273,           0.0094701,            0.020699,                   0,             0.98145,             0.98571,             0.99472,             0.85504,            0.017301,             0.01955,                   0,            0.001024,            0.001024,            0.001024
                 274,           0.0090882,            0.019103,                   0,             0.98784,             0.98571,             0.99472,             0.86367,            0.017249,            0.019637,                   0,            0.000991,            0.000991,            0.000991
                 275,           0.0096376,            0.020863,                   0,             0.97829,             0.98571,             0.99459,             0.85172,            0.017711,            0.020191,                   0,            0.000958,            0.000958,            0.000958
                 276,           0.0092558,            0.020381,                   0,             0.97483,             0.98571,             0.99445,             0.85403,             0.01745,            0.019959,                   0,            0.000925,            0.000925,            0.000925
                 277,           0.0094606,            0.018962,                   0,             0.95042,             0.98571,             0.99333,             0.85875,            0.017667,            0.020001,                   0,            0.000892,            0.000892,            0.000892
                 278,           0.0096181,             0.02038,                   0,             0.94601,             0.98571,             0.99347,             0.85264,            0.017742,            0.020179,                   0,            0.000859,            0.000859,            0.000859
                 279,           0.0092937,            0.018926,                   0,             0.94542,             0.98982,             0.99306,             0.85254,            0.017709,            0.020372,                   0,            0.000826,            0.000826,            0.000826
                 280,           0.0095686,             0.01861,                   0,             0.94547,             0.99075,             0.99292,             0.85072,            0.017836,            0.020407,                   0,            0.000793,            0.000793,            0.000793
                 281,           0.0094135,            0.020083,                   0,             0.94594,                   1,             0.99306,              0.8534,            0.017808,            0.020462,                   0,             0.00076,             0.00076,             0.00076
                 282,           0.0092147,             0.01915,                   0,             0.94549,             0.99114,             0.99319,             0.85365,            0.017853,            0.020594,                   0,            0.000727,            0.000727,            0.000727
                 283,           0.0095799,            0.019816,                   0,             0.94556,             0.99252,             0.99333,             0.85704,            0.017615,            0.019995,                   0,            0.000694,            0.000694,            0.000694
                 284,           0.0096537,            0.020487,                   0,             0.94529,             0.98728,             0.99333,              0.8542,            0.017617,            0.019814,                   0,            0.000661,            0.000661,            0.000661
                 285,           0.0093712,            0.019799,                   0,             0.94907,             0.98571,             0.99319,             0.84821,            0.017756,            0.020014,                   0,            0.000628,            0.000628,            0.000628
                 286,           0.0092998,            0.018987,                   0,             0.95741,             0.98571,             0.99332,             0.85175,            0.017626,            0.019808,                   0,            0.000595,            0.000595,            0.000595
                 287,           0.0095049,            0.020272,                   0,             0.95557,             0.98571,             0.99332,             0.85368,             0.01746,            0.019692,                   0,            0.000562,            0.000562,            0.000562
                 288,           0.0095045,            0.021388,                   0,             0.95082,             0.98571,             0.99332,             0.85764,            0.017566,            0.019682,                   0,            0.000529,            0.000529,            0.000529
                 289,           0.0097962,            0.020093,                   0,             0.94926,             0.98571,             0.99332,              0.8536,            0.017501,            0.019637,                   0,            0.000496,            0.000496,            0.000496
                 290,           0.0094662,            0.019781,                   0,             0.97138,             0.96985,             0.99347,             0.86143,            0.017517,            0.019592,                   0,            0.000463,            0.000463,            0.000463
                 291,           0.0091289,            0.019484,                   0,             0.94545,             0.99047,             0.99347,             0.86545,            0.017568,            0.019885,                   0,             0.00043,             0.00043,             0.00043
                 292,           0.0091501,            0.019578,                   0,             0.94555,             0.99243,             0.99347,             0.86472,            0.017634,            0.019963,                   0,            0.000397,            0.000397,            0.000397
                 293,           0.0089423,            0.019215,                   0,             0.94551,              0.9916,             0.99347,             0.85694,            0.017849,            0.020259,                   0,            0.000364,            0.000364,            0.000364
                 294,            0.009301,            0.020391,                   0,             0.94526,             0.98571,             0.99347,             0.85556,            0.017799,             0.02015,                   0,            0.000331,            0.000331,            0.000331
                 295,           0.0094679,             0.02017,                   0,              0.9501,             0.98571,             0.99347,             0.85428,            0.017736,            0.020127,                   0,            0.000298,            0.000298,            0.000298
                 296,            0.010011,            0.021295,                   0,             0.95164,             0.98571,             0.99347,             0.85656,            0.017716,            0.020108,                   0,            0.000265,            0.000265,            0.000265
                 297,           0.0092759,            0.019646,                   0,             0.95107,             0.98571,             0.99347,             0.85591,            0.017796,            0.020166,                   0,            0.000232,            0.000232,            0.000232
                 298,           0.0091465,            0.020399,                   0,             0.94813,             0.98571,             0.99347,             0.85815,            0.017773,            0.020233,                   0,            0.000199,            0.000199,            0.000199
                 299,           0.0091917,            0.018886,                   0,             0.94585,             0.98571,             0.99333,             0.85606,            0.017839,             0.02024,                   0,            0.000166,            0.000166,            0.000166
